{"cameraMode":{"drawMode":0,"name":"Shaded","section":"Shading Mode"},"sceneLighting":false,"audioPlay":false,"sceneViewState":{"showFog":true,"showMaterialUpdate":false,"showSkybox":false,"showFlares":true,"showImageEffects":true,"showParticleSystems":true},"in2DMode":false,"pivot":{"x":2.384185791015625e-7,"y":1.0999997854232789,"z":-1.1920928955078126e-7},"rotation":{"x":0.28195083141326907,"y":0.7179881930351257,"z":-0.44397321343421938,"w":0.4559643864631653},"size":14.040525436401368,"orthographic":false}