{"cameraMode":{"drawMode":0,"name":"Shaded","section":"Shading Mode"},"sceneLighting":true,"audioPlay":false,"sceneViewState":{"showFog":true,"showMaterialUpdate":false,"showSkybox":true,"showFlares":true,"showImageEffects":true,"showParticleSystems":true},"in2DMode":false,"pivot":{"x":23.92589569091797,"y":-1.3830711841583253,"z":34.840702056884769},"rotation":{"x":-0.0727088674902916,"y":-0.16617614030838014,"z":0.012317748740315438,"w":-0.9833694696426392},"size":61.83253860473633,"orthographic":false}