{"cameraMode":{"drawMode":0,"name":"Shaded","section":"Shading Mode"},"sceneLighting":false,"audioPlay":false,"sceneViewState":{"showFog":true,"showMaterialUpdate":false,"showSkybox":false,"showFlares":true,"showImageEffects":true,"showParticleSystems":true},"in2DMode":false,"pivot":{"x":0.4375026226043701,"y":0.9999990463256836,"z":-0.0000019073486328125},"rotation":{"x":0.0030177736189216377,"y":0.9459062218666077,"z":-0.32432350516319277,"w":0.008797691203653813},"size":5.238104820251465,"orthographic":false}