{"cameraMode":{"drawMode":0,"name":"Shaded","section":"Shading Mode"},"sceneLighting":false,"audioPlay":false,"sceneViewState":{"showFog":true,"showMaterialUpdate":false,"showSkybox":false,"showFlares":true,"showImageEffects":true,"showParticleSystems":true},"in2DMode":false,"pivot":{"x":0.0,"y":-1.1920928955078126e-7,"z":-0.10937485843896866},"rotation":{"x":0.1974853128194809,"y":0.4450746178627014,"z":-0.10129836201667786,"w":0.8675733804702759},"size":1.2212809324264527,"orthographic":false}