{"cameraMode":{"drawMode":0,"name":"Shaded","section":"Shading Mode"},"sceneLighting":false,"audioPlay":false,"sceneViewState":{"showFog":true,"showMaterialUpdate":false,"showSkybox":false,"showFlares":true,"showImageEffects":true,"showParticleSystems":true},"in2DMode":false,"pivot":{"x":-0.05836033821105957,"y":7.695000171661377,"z":0.05710458755493164},"rotation":{"x":0.28195083141326907,"y":0.7179881930351257,"z":-0.44397321343421938,"w":0.4559643864631653},"size":15.720198631286621,"orthographic":false}