{"cameraMode":{"drawMode":0,"name":"Shaded","section":"Shading Mode"},"sceneLighting":false,"audioPlay":false,"sceneViewState":{"showFog":true,"showMaterialUpdate":false,"showSkybox":false,"showFlares":true,"showImageEffects":true,"showParticleSystems":true},"in2DMode":false,"pivot":{"x":2.384185791015625e-7,"y":-1.1920928955078126e-7,"z":-0.24995623528957368},"rotation":{"x":0.1974853128194809,"y":0.4450746178627014,"z":-0.10129836201667786,"w":0.8675733804702759},"size":3.1590397357940676,"orthographic":false}