{"cameraMode":{"drawMode":0,"name":"Shaded","section":"Shading Mode"},"sceneLighting":true,"audioPlay":false,"sceneViewState":{"showFog":true,"showMaterialUpdate":false,"showSkybox":true,"showFlares":true,"showImageEffects":true,"showParticleSystems":true},"in2DMode":false,"pivot":{"x":64.05198669433594,"y":11.196670532226563,"z":-9.335090637207032},"rotation":{"x":0.02203346975147724,"y":-0.6242089867591858,"z":-0.017580818384885789,"w":-0.7807934284210205},"size":61.83253860473633,"orthographic":false}