{"cameraMode":{"drawMode":0,"name":"Shaded","section":"Shading Mode"},"sceneLighting":false,"audioPlay":false,"sceneViewState":{"showFog":true,"showMaterialUpdate":false,"showSkybox":false,"showFlares":true,"showImageEffects":true,"showParticleSystems":true},"in2DMode":false,"pivot":{"x":2.384185791015625e-7,"y":2.13671875,"z":2.999999523162842},"rotation":{"x":0.0030177736189216377,"y":0.9459062218666077,"z":-0.32432350516319277,"w":0.008797691203653813},"size":12.594403266906739,"orthographic":false}